"year","countpix_q95","gp","max","q95","sum","sum_q95"
1981,6,106,261.77849331187,13.044011331021,261.77849331187,97.3903921306394
1982,5,92,272.631852107838,11.9173324124001,272.631852107838,98.4125354409738
1983,4,80,171.672014429311,8.26720895080066,171.672014429311,37.8124432761596
1984,4,72,99.791805131843,5.87353953149121,99.791805131843,33.0394116655708
1985,5,95,284.123946239848,10.3926507376167,284.123946239848,78.5448558070254
1986,4,80,240.766796402974,10.4708014343503,240.766796402974,64.668537095124
1987,4,76,134.452892287923,7.19190798628278,134.452892287923,51.4115373317852
1988,6,108,330.569428872001,9.72088427436924,330.569428872001,113.888927436812
1989,5,92,320.653430218446,12.9717360887986,320.653430218446,90.9821077746595
1990,4,78,237.632639630488,9.61052378228657,237.632639630488,60.6274009760811
1991,5,91,349.429078482134,16.3608288233978,349.429078482134,96.867703210839
1992,6,102,238.912759290408,10.5148942114484,238.912759290408,79.00679621634
1993,5,86,252.430362836663,12.9508744431375,252.430362836663,87.0005309050781
1994,5,94,409.807924708703,20.1693699505652,409.807924708703,128.917377047143
1995,5,99,271.575086956236,10.3648514970942,271.575086956236,71.5468110189688
1996,5,88,251.056772638743,12.0467490845372,251.056772638743,78.7708101512043
1997,6,104,253.425712848172,12.4079645319797,253.425712848172,97.0929168821943
1998,5,89,333.146061155029,13.0724388459884,333.146061155029,98.1377561081965
1999,5,90,332.393198013696,12.5732869112335,332.393198013696,74.7953592044297
2000,4,80,239.70631265272,10.6276798864639,239.70631265272,61.928928632403
2001,6,110,285.947916034498,10.1093650952177,285.947916034498,85.9025036726456
2002,6,104,303.929576393976,12.3038360061604,303.929576393976,120.352783775746
2003,5,87,373.468231112475,13.4035769414694,373.468231112475,85.355756497279
2004,5,89,233.509095543031,8.800337075146,233.509095543031,81.7971074008525
2005,5,84,319.441165399747,15.2303560386058,319.441165399747,88.0153467977932
2006,5,101,317.094855764865,11.4821394905773,317.094855764865,82.347153750049
2007,6,102,340.462229184817,15.717742244229,340.462229184817,136.464630451785
2008,5,85,268.948916344146,11.6374220856412,268.948916344146,79.5889684789566
2009,6,112,199.104242198219,7.33699737443674,199.104242198219,63.525901277513
2010,6,104,343.018511451065,14.0281421395889,343.018511451065,111.306284502604
2011,6,105,268.709817631449,11.8927770371,268.709817631449,89.8510005973833
2012,6,112,458.849132982469,17.5812140598047,458.849132982469,149.631122226798
2013,5,98,304.134531169596,12.4240991676739,304.134531169596,100.687169839201
2014,5,90,273.721095642266,13.5172678899557,273.721095642266,84.5841584642902
2015,5,90,283.393276680386,13.3407516480533,283.393276680386,81.1096374832387
2016,5,95,386.609954090044,16.6756315110552,386.609954090044,101.260336526096
